{"ema_short": 17.090195035675908, "ema_long": 14.090839695308391}