{"ema_short": 17.224873380492035, "ema_long": 22.531010876961133}