{"ema_short": 73.71142184531224, "ema_long": 32.32006144611267}