{"ema_short": 44.83809271184531, "ema_long": 44.48714251530625}