{"ema_short": 15.955030127830943, "ema_long": 15.77010785039857}