{"ema_short": 27.169723641481365, "ema_long": 28.71507850639335}