{"ema_short": 0.826395667412554, "ema_long": 0.6360355907983173}