{"ema_short": 90.71244925317757, "ema_long": 90.53187910607723}