{"ema_short": 2.8772041120982736, "ema_long": 2.559453445072138}