{"ema_short": 1.7457004402298513, "ema_long": 1.8556705442950525}