{"ema_short": 89.89505321864218, "ema_long": 88.2060113313976}