{"ema_short": 93.40840762870671, "ema_long": 93.119374515744}