{"ema_short": 32.120853970912236, "ema_long": 33.23722763994328}