{"ema_short": 88.06296881841656, "ema_long": 88.04301855013055}