{"ema_short": 31.93687330679977, "ema_long": 30.798495714113088}