{"ema_short": 87.09389047787603, "ema_long": 87.62165845044204}