{"ema_short": 80.02657084549264, "ema_long": 79.02986210015689}