{"ema_short": 76.24126985893564, "ema_long": 75.4958221507439}