{"ema_short": 62.399517911911055, "ema_long": 59.88988544827902}