{"ema_short": 18.844447812070083, "ema_long": 18.426140741887703}