{"ema_short": 6.563441409053067, "ema_long": 6.120384998914203}