{"ema_short": 11.006408895029363, "ema_long": 10.806531493416069}