{"ema_short": 41.90285310301364, "ema_long": 43.2809698287209}